[
  {
    "Title": "Home",
    "Id": "460741",
    "ParentWikiTitle": "Home",
    "FileExtension": "html",
    "UpdatedDate": "2011-08-12T00:00:49.267-07:00",
    "FileAttachments": [
      {
        "Id": "879575c5-257d-4b57-bfb1-16e932534076",
        "FileName": "Northwind.png",
        "DownloadUri": "./460741/879575c5-257d-4b57-bfb1-16e932534076"
      },
      {
        "Id": "6a2163c4-d1ac-4177-b67b-de244aa76e48",
        "FileName": "Northwind_A4_size_for_Print.png",
        "DownloadUri": "./460741/6a2163c4-d1ac-4177-b67b-de244aa76e48"
      }
    ]
  }
]
